reading,participant,mask,auth0_count,auth1_count,budget,greedy_bound,matched_random_bound_mean,gain
full_field,1,100075.jpg,2114,1982,8,0.29534044112116425,0.24561035452809551,0.04973008659306874
full_field,1,100080.jpg,2125,1971,8,0.2983896348622624,0.24722443970621627,0.05116519515604612
full_field,1,100098.jpg,2067,2029,8,0.29680881465026693,0.24850620246524346,0.048302612185023464
full_field,1,103041.jpg,2088,2008,8,0.2978845368485836,0.24704125845094588,0.05084327839763775
full_field,1,104022.jpg,2112,1984,8,0.2982500204134711,0.2435895583805521,0.054660462032918994
byte_domain,1,100075.jpg,2114,1982,8,0.31473083426525866,0.26339602880676005,0.05133480545849861
byte_domain,1,100080.jpg,2125,1971,8,0.31496304204592224,0.2650460699395116,0.04991697210641066
byte_domain,1,100098.jpg,2067,2029,8,0.31591162642796455,0.26613561886323506,0.049776007564729496
byte_domain,1,103041.jpg,2088,2008,8,0.3149502174414055,0.2649983896071148,0.049951827834290696
byte_domain,1,104022.jpg,2112,1984,8,0.3141498494587397,0.2613462066900048,0.05280364276873489
