participant,reading,budget,method,bound,p05,p50,p95,maximum
1,full_field,1,static,0.0,,,,
1,full_field,1,mi_rank,0.0,,,,
1,full_field,1,greedy,0.0,,,,
1,full_field,1,random_auth0,0.0,0.0,0.0,0.0,0.0
1,full_field,2,static,0.0,,,,
1,full_field,2,mi_rank,0.0,,,,
1,full_field,2,greedy,0.0,,,,
1,full_field,2,random_auth0,0.0,0.0,0.0,0.0,0.0
1,full_field,4,static,0.0,,,,
1,full_field,4,mi_rank,0.0,,,,
1,full_field,4,greedy,0.0,,,,
1,full_field,4,random_auth0,0.0,0.0,0.0,0.0,0.0
1,full_field,8,static,0.2788806471171856,,,,
1,full_field,8,mi_rank,0.28143131282935707,,,,
1,full_field,8,greedy,0.29534044112116425,,,,
1,full_field,8,random_auth0,0.24647591383310993,0.2339956003878134,0.246675725264966,0.25806060712945594,0.26594748866458157
1,full_field,12,static,0.9565221877168494,,,,
1,full_field,12,mi_rank,0.9564321970979708,,,,
1,full_field,12,greedy,0.958888964188499,,,,
1,full_field,12,random_auth0,0.9536394931178727,0.952514147674108,0.9536681398546849,0.954669080358283,0.955527647777009
1,full_field,16,static,0.9973515836214557,,,,
1,full_field,16,mi_rank,0.9973373343151125,,,,
1,full_field,16,greedy,0.9976251395797314,,,,
1,full_field,16,random_auth0,0.9971476301333969,0.9970558271943548,0.9971472694965313,0.9972392968212136,0.9973173107757458
1,full_field,24,static,0.9999907150507323,,,,
1,full_field,24,mi_rank,0.9999902259717927,,,,
1,full_field,24,greedy,0.999992354122048,,,,
1,full_field,24,random_auth0,0.9999891700472051,0.9999885896800792,0.9999891902297323,0.9999896803347751,0.999990144362101
1,full_field,32,static,0.9999999667385344,,,,
1,full_field,32,mi_rank,0.9999999644239348,,,,
1,full_field,32,greedy,0.9999999758974097,,,,
1,full_field,32,random_auth0,0.9999999581340753,0.9999999550945705,0.9999999591109003,0.9999999617364291,0.9999999637151337
1,byte_domain,1,static,0.0,,,,
1,byte_domain,1,mi_rank,0.0,,,,
1,byte_domain,1,greedy,0.0,,,,
1,byte_domain,1,random_auth0,0.0,0.0,0.0,0.0,0.0
1,byte_domain,2,static,0.0,,,,
1,byte_domain,2,mi_rank,0.0,,,,
1,byte_domain,2,greedy,0.0,,,,
1,byte_domain,2,random_auth0,0.0,0.0,0.0,0.0,0.0
1,byte_domain,4,static,0.0,,,,
1,byte_domain,4,mi_rank,0.0,,,,
1,byte_domain,4,greedy,0.0,,,,
1,byte_domain,4,random_auth0,0.0,0.0,0.0,0.0,0.0
1,byte_domain,8,static,0.2964936660087602,,,,
1,byte_domain,8,mi_rank,0.29947340228561764,,,,
1,byte_domain,8,greedy,0.31473083426525866,,,,
1,byte_domain,8,random_auth0,0.2642594227545444,0.25183394677540427,0.26451621695049277,0.275783989972262,0.2834850646294235
1,byte_domain,12,static,0.9580873809562592,,,,
1,byte_domain,12,mi_rank,0.957996069573608,,,,
1,byte_domain,12,greedy,0.9603525844707583,,,,
1,byte_domain,12,random_auth0,0.9552735739550886,0.954188780190836,0.9553054994063841,0.9562518623620564,0.9571612700796472
1,byte_domain,16,static,0.9975136331051833,,,,
1,byte_domain,16,mi_rank,0.9975227683489309,,,,
1,byte_domain,16,greedy,0.9977263108909341,,,,
1,byte_domain,16,random_auth0,0.9972807897710129,0.9971927029010514,0.9972804753935531,0.997368367404147,0.9974454877211025
1,byte_domain,24,static,0.9999910779504987,,,,
1,byte_domain,24,mi_rank,0.9999912522022715,,,,
1,byte_domain,24,greedy,0.9999928693731489,,,,
1,byte_domain,24,random_auth0,0.999989919395337,0.9999893613458016,0.9999899400104164,0.9999903918127808,0.9999908141841501
1,byte_domain,32,static,0.99999996595386,,,,
1,byte_domain,32,mi_rank,0.9999999693171727,,,,
1,byte_domain,32,greedy,0.9999999784388655,,,,
1,byte_domain,32,random_auth0,0.9999999619137193,0.9999999592377927,0.9999999628270231,0.9999999652192276,0.9999999670272893
2,full_field,1,static,0.0,,,,
2,full_field,1,mi_rank,0.0,,,,
2,full_field,1,greedy,0.0,,,,
2,full_field,1,random_auth0,0.0,0.0,0.0,0.0,0.0
2,full_field,2,static,0.0,,,,
2,full_field,2,mi_rank,0.0,,,,
2,full_field,2,greedy,0.0,,,,
2,full_field,2,random_auth0,0.0,0.0,0.0,0.0,0.0
2,full_field,4,static,0.0,,,,
2,full_field,4,mi_rank,0.0,,,,
2,full_field,4,greedy,0.0,,,,
2,full_field,4,random_auth0,0.0,0.0,0.0,0.0,0.0
2,full_field,8,static,0.28090644539072035,,,,
2,full_field,8,mi_rank,0.28195275896813043,,,,
2,full_field,8,greedy,0.2969507567914086,,,,
2,full_field,8,random_auth0,0.24613178014147288,0.23413657155243597,0.24617315058957126,0.25763721876165435,0.2662785900868303
2,full_field,12,static,0.9569406368560519,,,,
2,full_field,12,mi_rank,0.9567146450240537,,,,
2,full_field,12,greedy,0.9587662622268758,,,,
2,full_field,12,random_auth0,0.9535697400100578,0.9525574776411392,0.9535888737193039,0.9545967364700496,0.9554121772790611
2,full_field,16,static,0.9974061868035865,,,,
2,full_field,16,mi_rank,0.9973756239693685,,,,
2,full_field,16,greedy,0.9976023674856151,,,,
2,full_field,16,random_auth0,0.9971419022125817,0.9970505404006877,0.9971453583736656,0.9972255332850282,0.9973245089458512
2,full_field,24,static,0.9999904999075849,,,,
2,full_field,24,mi_rank,0.9999905631522742,,,,
2,full_field,24,greedy,0.9999921318850309,,,,
2,full_field,24,random_auth0,0.9999891310795004,0.9999885513281518,0.9999891503934646,0.9999896433164613,0.9999901623870902
2,full_field,32,static,0.9999999662016159,,,,
2,full_field,32,mi_rank,0.9999999660012192,,,,
2,full_field,32,greedy,0.9999999750941652,,,,
2,full_field,32,random_auth0,0.9999999583630815,0.9999999548158934,0.9999999588795955,0.9999999617427727,0.9999999634129014
2,byte_domain,1,static,0.0,,,,
2,byte_domain,1,mi_rank,0.0,,,,
2,byte_domain,1,greedy,0.0,,,,
2,byte_domain,1,random_auth0,0.0,0.0,0.0,0.0,0.0
2,byte_domain,2,static,0.0,,,,
2,byte_domain,2,mi_rank,0.0,,,,
2,byte_domain,2,greedy,0.0,,,,
2,byte_domain,2,random_auth0,0.0,0.0,0.0,0.0,0.0
2,byte_domain,4,static,0.0,,,,
2,byte_domain,4,mi_rank,0.0,,,,
2,byte_domain,4,greedy,0.0,,,,
2,byte_domain,4,random_auth0,0.0,0.0,0.0,0.0,0.0
2,byte_domain,8,static,0.29816510010705716,,,,
2,byte_domain,8,mi_rank,0.29816510010705716,,,,
2,byte_domain,8,greedy,0.3140134229648342,,,,
2,byte_domain,8,random_auth0,0.26392665026644385,0.2522686769159342,0.2640244890453527,0.27525289601624775,0.28338349511020794
2,byte_domain,12,static,0.9583262654443371,,,,
2,byte_domain,12,mi_rank,0.9581192273624246,,,,
2,byte_domain,12,greedy,0.9602721737954815,,,,
2,byte_domain,12,random_auth0,0.9552062878139941,0.9542198265079778,0.9552293454122986,0.956191561375864,0.9569639842433769
2,byte_domain,16,static,0.9975025916651589,,,,
2,byte_domain,16,mi_rank,0.9975188065259392,,,,
2,byte_domain,16,greedy,0.9977317457898945,,,,
2,byte_domain,16,random_auth0,0.9972753169710357,0.997187909038777,0.9972790440964406,0.9973561118446646,0.9974527092312931
2,byte_domain,24,static,0.9999912720413993,,,,
2,byte_domain,24,mi_rank,0.9999913153835263,,,,
2,byte_domain,24,greedy,0.9999927480661205,,,,
2,byte_domain,24,random_auth0,0.9999898827636091,0.9999893443917105,0.999989901143999,0.9999903565848458,0.9999908454923405
2,byte_domain,32,static,0.9999999681715477,,,,
2,byte_domain,32,mi_rank,0.9999999692733446,,,,
2,byte_domain,32,greedy,0.9999999778480023,,,,
2,byte_domain,32,random_auth0,0.9999999621458817,0.9999999589258853,0.9999999626249217,0.9999999652121863,0.9999999667486557
