participant,reading,candidate_pool,candidate_positions,budget,bound,same_schedule_as_auth0
1,full_field,auth0,2114,8,0.29534044112116425,True
1,full_field,auth0,2114,12,0.958888964188499,True
1,full_field,auth1,1982,8,0.0,False
1,full_field,auth1,1982,12,0.0,False
1,full_field,all,4096,8,0.29534044112116425,True
1,full_field,all,4096,12,0.958888964188499,True
1,byte_domain,auth0,2114,8,0.31473083426525866,True
1,byte_domain,auth0,2114,12,0.9603525844707583,True
1,byte_domain,auth1,1982,8,0.0,False
1,byte_domain,auth1,1982,12,0.0,False
1,byte_domain,all,4096,8,0.31473083426525866,True
1,byte_domain,all,4096,12,0.9603525844707583,True
2,full_field,auth0,2114,8,0.2969507567914086,True
2,full_field,auth0,2114,12,0.9587662622268758,True
2,full_field,auth1,1982,8,0.0,False
2,full_field,auth1,1982,12,0.0,False
2,full_field,all,4096,8,0.2969507567914086,True
2,full_field,all,4096,12,0.9587662622268758,True
2,byte_domain,auth0,2114,8,0.3140134229648342,True
2,byte_domain,auth0,2114,12,0.9602721737954815,True
2,byte_domain,auth1,1982,8,0.0,False
2,byte_domain,auth1,1982,12,0.0,False
2,byte_domain,all,4096,8,0.3140134229648342,True
2,byte_domain,all,4096,12,0.9602721737954815,True
