reading,participant,gallery_size,method,budget,subsets,bound_mean,bound_min,bound_max
full_field,1,25,greedy,8,10,0.945926688155887,0.9447719262730783,0.947303822743417
full_field,1,25,matched_random_mean,8,10,0.909434539823714,0.9085673807821216,0.9104723408674331
full_field,1,50,greedy,8,10,0.8563020370122111,0.8546288595124978,0.8577202100480683
full_field,1,50,matched_random_mean,8,10,0.8145811380992442,0.8131653779622036,0.8152634850324876
full_field,1,100,greedy,8,10,0.671089348371824,0.6699242303414169,0.6728360719198043
full_field,1,100,matched_random_mean,8,10,0.6249806389600864,0.6236425744513752,0.6258937622306281
full_field,1,200,greedy,8,1,0.29534044112116425,0.29534044112116425,0.29534044112116425
full_field,1,200,matched_random_mean,8,1,0.24645687218954088,0.24645687218954088,0.24645687218954088
byte_domain,1,25,greedy,8,10,0.9471847780983506,0.9461408989637909,0.9484912364023992
byte_domain,1,25,matched_random_mean,8,10,0.9115555292873843,0.9106812692269068,0.9125709173809144
byte_domain,1,50,greedy,8,10,0.8596223927948937,0.8576525381929995,0.861861652859025
byte_domain,1,50,matched_random_mean,8,10,0.8189610133264786,0.8176496064417599,0.8196203983209287
byte_domain,1,100,greedy,8,10,0.6791736888319775,0.6781348126750821,0.6815308597511833
byte_domain,1,100,matched_random_mean,8,10,0.6338155103874035,0.6324340450065602,0.6346965896349004
byte_domain,1,200,greedy,8,1,0.31473083426525866,0.31473083426525866,0.31473083426525866
byte_domain,1,200,matched_random_mean,8,1,0.26425803732325726,0.26425803732325726,0.26425803732325726
