participant,reading,budget,candidate_pool,target_index,target_file,bound
1,full_field,12,auth0,0,100007.jpg,0.9548770948441844
1,full_field,12,auth0,1,100039.jpg,0.9562550488446804
1,full_field,12,auth0,2,100099.jpg,0.9563760218524555
1,full_field,12,auth0,3,10081.jpg,0.9625486765616387
1,full_field,12,auth0,4,101027.jpg,0.9577055655821665
1,full_field,12,auth0,5,101084.jpg,0.9534864826206535
1,full_field,12,auth0,6,102062.jpg,0.9596063162643728
1,full_field,12,auth0,7,103006.jpg,0.9612394302220768
1,full_field,12,auth0,8,103029.jpg,0.9624037978762426
1,full_field,12,auth0,9,103078.jpg,0.9541661341987662
1,full_field,12,auth0,10,104010.jpg,0.9635974908685409
1,full_field,12,auth0,11,104055.jpg,0.9625388704518072
1,full_field,12,auth0,12,105027.jpg,0.9617264482579924
1,full_field,12,auth0,13,106005.jpg,0.959132915593131
1,full_field,12,auth0,14,106047.jpg,0.9643051993556295
1,full_field,12,auth0,15,107014.jpg,0.9598151235462793
1,full_field,12,auth0,16,107045.jpg,0.9591569242886661
1,full_field,12,auth0,17,107072.jpg,0.9652359012351889
1,full_field,12,auth0,18,108004.jpg,0.9638893546411721
1,full_field,12,auth0,19,108036.jpg,0.9629730306316661
1,full_field,12,auth0,20,108069.jpg,0.9617025457762688
1,full_field,12,auth0,21,109055.jpg,0.9578794447030303
1,full_field,12,auth0,22,112056.jpg,0.961483262109283
1,full_field,12,auth0,23,112090.jpg,0.956789386321734
1,full_field,12,auth0,24,117025.jpg,0.9568580431997108
1,full_field,12,auth0,25,118015.jpg,0.9519182659039932
1,full_field,12,auth0,26,118031.jpg,0.9651548242915557
1,full_field,12,auth0,27,118072.jpg,0.9666577089348193
1,full_field,12,auth0,28,120003.jpg,0.9593202829900036
1,full_field,12,auth0,29,120093.jpg,0.9591345275869447
1,full_field,12,auth0,30,123057.jpg,0.9602467810804585
1,full_field,12,auth0,31,128035.jpg,0.9605521375509749
1,full_field,12,auth0,32,130014.jpg,0.9574976814349524
1,full_field,12,auth0,33,130066.jpg,0.95793852585632
1,full_field,12,auth0,34,134049.jpg,0.9587015689080871
1,full_field,12,auth0,35,134067.jpg,0.9605768109358136
1,full_field,12,auth0,36,140006.jpg,0.9597398861117951
1,full_field,12,auth0,37,140088.jpg,0.9612476219282472
1,full_field,12,auth0,38,14085.jpg,0.9588138461368864
1,full_field,12,auth0,39,14092.jpg,0.9634616485646302
1,full_field,12,auth0,40,141012.jpg,0.9643115669142259
1,full_field,12,auth0,41,141048.jpg,0.957020569535944
1,full_field,12,auth0,42,145059.jpg,0.9576551067248691
1,full_field,12,auth0,43,145079.jpg,0.9564402089756001
1,full_field,12,auth0,44,146074.jpg,0.9536137948798873
1,full_field,12,auth0,45,147077.jpg,0.9595185658099333
1,full_field,12,auth0,46,147080.jpg,0.9592648171830411
1,full_field,12,auth0,47,15011.jpg,0.9565613181000877
1,full_field,12,auth0,48,15062.jpg,0.96181319448038
1,full_field,12,auth0,49,156054.jpg,0.9649958405608108
1,full_field,12,auth0,50,157032.jpg,0.9530265197713725
1,full_field,12,auth0,51,157087.jpg,0.9497781118699995
1,full_field,12,auth0,52,159002.jpg,0.9653702140189538
1,full_field,12,auth0,53,159022.jpg,0.9533657202084607
1,full_field,12,auth0,54,160006.jpg,0.9561822437490988
1,full_field,12,auth0,55,16004.jpg,0.9581864751237074
1,full_field,12,auth0,56,160067.jpg,0.952367012655265
1,full_field,12,auth0,57,16068.jpg,0.965986610702059
1,full_field,12,auth0,58,161045.jpg,0.9582505522361643
1,full_field,12,auth0,59,163004.jpg,0.9543630697893234
1,full_field,12,auth0,60,163096.jpg,0.958532887974265
1,full_field,12,auth0,61,164046.jpg,0.9547833662004788
1,full_field,12,auth0,62,168084.jpg,0.9582630189801489
1,full_field,12,auth0,63,17067.jpg,0.9652524636779481
1,full_field,12,auth0,64,175083.jpg,0.9615202506204296
1,full_field,12,auth0,65,176051.jpg,0.9643481369183287
1,full_field,12,auth0,66,179084.jpg,0.9585436147484563
1,full_field,12,auth0,67,181021.jpg,0.962504328110948
1,full_field,12,auth0,68,183066.jpg,0.9606505073986241
1,full_field,12,auth0,69,185092.jpg,0.9599712657173984
1,full_field,12,auth0,70,187058.jpg,0.9568918804432953
1,full_field,12,auth0,71,187099.jpg,0.9506374387595836
1,full_field,12,auth0,72,188025.jpg,0.9503787152106998
1,full_field,12,auth0,73,189006.jpg,0.9573864358878118
1,full_field,12,auth0,74,189013.jpg,0.9624968717871294
1,full_field,12,auth0,75,189029.jpg,0.9626896489575184
1,full_field,12,auth0,76,189096.jpg,0.9557946385388262
1,full_field,12,auth0,77,196027.jpg,0.9576382033912046
1,full_field,12,auth0,78,196040.jpg,0.9552811956697081
1,full_field,12,auth0,79,196062.jpg,0.958436466617024
1,full_field,12,auth0,80,196088.jpg,0.9594675440971091
1,full_field,12,auth0,81,198087.jpg,0.9644304565838316
1,full_field,12,auth0,82,20069.jpg,0.9524724082238976
1,full_field,12,auth0,83,201080.jpg,0.956043661583869
1,full_field,12,auth0,84,2018.jpg,0.9537782077989964
1,full_field,12,auth0,85,202000.jpg,0.9605143965846628
1,full_field,12,auth0,86,206062.jpg,0.9565040876186913
1,full_field,12,auth0,87,206097.jpg,0.9486883400061548
1,full_field,12,auth0,88,207038.jpg,0.9561493459627457
1,full_field,12,auth0,89,207049.jpg,0.9615055868949682
1,full_field,12,auth0,90,208078.jpg,0.9520452266816188
1,full_field,12,auth0,91,209021.jpg,0.9636760505723373
1,full_field,12,auth0,92,217013.jpg,0.9532964484358698
1,full_field,12,auth0,93,217090.jpg,0.9609193721173412
1,full_field,12,auth0,94,220003.jpg,0.9592858710118679
1,full_field,12,auth0,95,223004.jpg,0.9648721549013637
1,full_field,12,auth0,96,223060.jpg,0.9579802450240856
1,full_field,12,auth0,97,225022.jpg,0.9607980915170615
1,full_field,12,auth0,98,226022.jpg,0.9622093906255671
1,full_field,12,auth0,99,226033.jpg,0.9576869648139843
1,full_field,12,auth0,100,226043.jpg,0.9565380123938254
1,full_field,12,auth0,101,226060.jpg,0.9542947507733192
1,full_field,12,auth0,102,228076.jpg,0.953900226122042
1,full_field,12,auth0,103,230063.jpg,0.9614680362451016
1,full_field,12,auth0,104,230098.jpg,0.9610447315743803
1,full_field,12,auth0,105,23050.jpg,0.9598884082518381
1,full_field,12,auth0,106,232076.jpg,0.9585271966394738
1,full_field,12,auth0,107,235098.jpg,0.9603398947849384
1,full_field,12,auth0,108,238025.jpg,0.9570532758489408
1,full_field,12,auth0,109,243095.jpg,0.9589280390088903
1,full_field,12,auth0,110,246009.jpg,0.9516093799045736
1,full_field,12,auth0,111,247003.jpg,0.9563754044420895
1,full_field,12,auth0,112,247012.jpg,0.962529443798921
1,full_field,12,auth0,113,249021.jpg,0.962881236500327
1,full_field,12,auth0,114,250047.jpg,0.9608535753998333
1,full_field,12,auth0,115,250087.jpg,0.9589655108092472
1,full_field,12,auth0,116,253016.jpg,0.9510222083448909
1,full_field,12,auth0,117,253092.jpg,0.9553296015652524
1,full_field,12,auth0,118,257098.jpg,0.9645070783636427
1,full_field,12,auth0,119,258089.jpg,0.9571824463186283
1,full_field,12,auth0,120,259060.jpg,0.9576027120121172
1,full_field,12,auth0,121,267036.jpg,0.9563533682843712
1,full_field,12,auth0,122,268048.jpg,0.9600999850420799
1,full_field,12,auth0,123,268074.jpg,0.9586061750004179
1,full_field,12,auth0,124,277053.jpg,0.9564202213539968
1,full_field,12,auth0,125,279005.jpg,0.9570095714503324
1,full_field,12,auth0,126,28083.jpg,0.9519717874818803
1,full_field,12,auth0,127,281017.jpg,0.9531947688527801
1,full_field,12,auth0,128,285022.jpg,0.9554566017747932
1,full_field,12,auth0,129,288024.jpg,0.9594258451220782
1,full_field,12,auth0,130,289011.jpg,0.9619575715816262
1,full_field,12,auth0,131,290035.jpg,0.9594969589518783
1,full_field,12,auth0,132,29030.jpg,0.956242887029384
1,full_field,12,auth0,133,296028.jpg,0.9587931921883441
1,full_field,12,auth0,134,296058.jpg,0.9561327834112731
1,full_field,12,auth0,135,302022.jpg,0.962026936585054
1,full_field,12,auth0,136,306051.jpg,0.9622469193616712
1,full_field,12,auth0,137,306052.jpg,0.9531221607783481
1,full_field,12,auth0,138,3063.jpg,0.9602919935352098
1,full_field,12,auth0,139,309040.jpg,0.9603885508900919
1,full_field,12,auth0,140,317043.jpg,0.9618919753074398
1,full_field,12,auth0,141,326025.jpg,0.9658976576856954
1,full_field,12,auth0,142,326085.jpg,0.9555781818206024
1,full_field,12,auth0,143,33044.jpg,0.9547840458495732
1,full_field,12,auth0,144,334025.jpg,0.9646362021763085
1,full_field,12,auth0,145,335088.jpg,0.9567699305024494
1,full_field,12,auth0,146,335094.jpg,0.9541387442559721
1,full_field,12,auth0,147,344010.jpg,0.9595996967350702
1,full_field,12,auth0,148,346016.jpg,0.962503419403679
1,full_field,12,auth0,149,347031.jpg,0.9565238073860237
1,full_field,12,auth0,150,35028.jpg,0.9582544045117254
1,full_field,12,auth0,151,35049.jpg,0.9604183325809333
1,full_field,12,auth0,152,36046.jpg,0.9629372590630978
1,full_field,12,auth0,153,365072.jpg,0.9596938763272542
1,full_field,12,auth0,154,368037.jpg,0.9573685234733796
1,full_field,12,auth0,155,372019.jpg,0.9552783133828241
1,full_field,12,auth0,156,376086.jpg,0.9599900016892884
1,full_field,12,auth0,157,384022.jpg,0.9632623516356991
1,full_field,12,auth0,158,384089.jpg,0.9627503242698121
1,full_field,12,auth0,159,385022.jpg,0.9582388086539777
1,full_field,12,auth0,160,388006.jpg,0.9642721299963056
1,full_field,12,auth0,161,388018.jpg,0.9586391293297221
1,full_field,12,auth0,162,388067.jpg,0.9618765147729442
1,full_field,12,auth0,163,393035.jpg,0.9553789946489868
1,full_field,12,auth0,164,41006.jpg,0.9615200326778544
1,full_field,12,auth0,165,41029.jpg,0.9543964400633905
1,full_field,12,auth0,166,41085.jpg,0.9580247024745306
1,full_field,12,auth0,167,41096.jpg,0.9608884111370637
1,full_field,12,auth0,168,43033.jpg,0.9602488935070256
1,full_field,12,auth0,169,43051.jpg,0.9480699171860787
1,full_field,12,auth0,170,45000.jpg,0.9635550639358382
1,full_field,12,auth0,171,48017.jpg,0.9519886600220309
1,full_field,12,auth0,172,48025.jpg,0.9634858478772904
1,full_field,12,auth0,173,49024.jpg,0.9615828965301855
1,full_field,12,auth0,174,5096.jpg,0.9634507198077147
1,full_field,12,auth0,175,51084.jpg,0.9511745653840646
1,full_field,12,auth0,176,6046.jpg,0.9638131859536193
1,full_field,12,auth0,177,61034.jpg,0.9491056984232168
1,full_field,12,auth0,178,64061.jpg,0.9606016458081931
1,full_field,12,auth0,179,65084.jpg,0.9587916084598266
1,full_field,12,auth0,180,69000.jpg,0.9605296721217738
1,full_field,12,auth0,181,69007.jpg,0.9574588425142436
1,full_field,12,auth0,182,69022.jpg,0.9610910833143566
1,full_field,12,auth0,183,70011.jpg,0.9634593966599668
1,full_field,12,auth0,184,70090.jpg,0.9625579707244271
1,full_field,12,auth0,185,71076.jpg,0.9581654556260614
1,full_field,12,auth0,186,71099.jpg,0.9603360163488373
1,full_field,12,auth0,187,77062.jpg,0.9649687913003533
1,full_field,12,auth0,188,78098.jpg,0.9632433774067517
1,full_field,12,auth0,189,79073.jpg,0.9634172429046707
1,full_field,12,auth0,190,80085.jpg,0.9555523316773304
1,full_field,12,auth0,191,80090.jpg,0.966248249408533
1,full_field,12,auth0,192,8068.jpg,0.9530383851558808
1,full_field,12,auth0,193,81066.jpg,0.9637067035504822
1,full_field,12,auth0,194,81090.jpg,0.9552344251827007
1,full_field,12,auth0,195,81095.jpg,0.9629140779921301
1,full_field,12,auth0,196,87015.jpg,0.9593027200400072
1,full_field,12,auth0,197,92014.jpg,0.9583621355518364
1,full_field,12,auth0,198,94095.jpg,0.9585301853432591
1,full_field,12,auth0,199,97010.jpg,0.9591080843737437
1,byte_domain,12,auth0,0,100007.jpg,0.958199057197837
1,byte_domain,12,auth0,1,100039.jpg,0.9575714666453037
1,byte_domain,12,auth0,2,100099.jpg,0.9537359274291355
1,byte_domain,12,auth0,3,10081.jpg,0.9608400997234042
1,byte_domain,12,auth0,4,101027.jpg,0.9612416656385342
1,byte_domain,12,auth0,5,101084.jpg,0.9602135685473387
1,byte_domain,12,auth0,6,102062.jpg,0.9611768544183741
1,byte_domain,12,auth0,7,103006.jpg,0.957958984134822
1,byte_domain,12,auth0,8,103029.jpg,0.9612423400912892
1,byte_domain,12,auth0,9,103078.jpg,0.9635813084610367
1,byte_domain,12,auth0,10,104010.jpg,0.9627737037559425
1,byte_domain,12,auth0,11,104055.jpg,0.9612250231210555
1,byte_domain,12,auth0,12,105027.jpg,0.9604871664888696
1,byte_domain,12,auth0,13,106005.jpg,0.9641368329818492
1,byte_domain,12,auth0,14,106047.jpg,0.9624975191094676
1,byte_domain,12,auth0,15,107014.jpg,0.9627280565176907
1,byte_domain,12,auth0,16,107045.jpg,0.9623260472653841
1,byte_domain,12,auth0,17,107072.jpg,0.9666264280614661
1,byte_domain,12,auth0,18,108004.jpg,0.9636451386661441
1,byte_domain,12,auth0,19,108036.jpg,0.9543378684019533
1,byte_domain,12,auth0,20,108069.jpg,0.9612886721872066
1,byte_domain,12,auth0,21,109055.jpg,0.9560200911604289
1,byte_domain,12,auth0,22,112056.jpg,0.9632099130524028
1,byte_domain,12,auth0,23,112090.jpg,0.9615144716253602
1,byte_domain,12,auth0,24,117025.jpg,0.9587460990352177
1,byte_domain,12,auth0,25,118015.jpg,0.9573792741344838
1,byte_domain,12,auth0,26,118031.jpg,0.9575401499079744
1,byte_domain,12,auth0,27,118072.jpg,0.9629685369438284
1,byte_domain,12,auth0,28,120003.jpg,0.9593789629440483
1,byte_domain,12,auth0,29,120093.jpg,0.9571837846018503
1,byte_domain,12,auth0,30,123057.jpg,0.9614768585620836
1,byte_domain,12,auth0,31,128035.jpg,0.9543061516275169
1,byte_domain,12,auth0,32,130014.jpg,0.9576645516774951
1,byte_domain,12,auth0,33,130066.jpg,0.9624064236978314
1,byte_domain,12,auth0,34,134049.jpg,0.9615316389636586
1,byte_domain,12,auth0,35,134067.jpg,0.9577960130929404
1,byte_domain,12,auth0,36,140006.jpg,0.9659557775424225
1,byte_domain,12,auth0,37,140088.jpg,0.9627373558265564
1,byte_domain,12,auth0,38,14085.jpg,0.9614442041397773
1,byte_domain,12,auth0,39,14092.jpg,0.9649773410536326
1,byte_domain,12,auth0,40,141012.jpg,0.9546181001954585
1,byte_domain,12,auth0,41,141048.jpg,0.9643741472598043
1,byte_domain,12,auth0,42,145059.jpg,0.9676539673623437
1,byte_domain,12,auth0,43,145079.jpg,0.9602413579897842
1,byte_domain,12,auth0,44,146074.jpg,0.9576738567209864
1,byte_domain,12,auth0,45,147077.jpg,0.966233142030835
1,byte_domain,12,auth0,46,147080.jpg,0.9605909582882265
1,byte_domain,12,auth0,47,15011.jpg,0.964202689950336
1,byte_domain,12,auth0,48,15062.jpg,0.9520844288772895
1,byte_domain,12,auth0,49,156054.jpg,0.959190540658493
1,byte_domain,12,auth0,50,157032.jpg,0.9659324895454309
1,byte_domain,12,auth0,51,157087.jpg,0.9617948533592412
1,byte_domain,12,auth0,52,159002.jpg,0.9644476326390223
1,byte_domain,12,auth0,53,159022.jpg,0.9588330666762305
1,byte_domain,12,auth0,54,160006.jpg,0.9569631239443651
1,byte_domain,12,auth0,55,16004.jpg,0.9574230057510722
1,byte_domain,12,auth0,56,160067.jpg,0.9614132824055798
1,byte_domain,12,auth0,57,16068.jpg,0.9599053677862299
1,byte_domain,12,auth0,58,161045.jpg,0.9678854346525897
1,byte_domain,12,auth0,59,163004.jpg,0.9572704063293336
1,byte_domain,12,auth0,60,163096.jpg,0.959848806305972
1,byte_domain,12,auth0,61,164046.jpg,0.9595766505853643
1,byte_domain,12,auth0,62,168084.jpg,0.962067526205374
1,byte_domain,12,auth0,63,17067.jpg,0.9609460041511362
1,byte_domain,12,auth0,64,175083.jpg,0.9621154877274416
1,byte_domain,12,auth0,65,176051.jpg,0.9616430731196915
1,byte_domain,12,auth0,66,179084.jpg,0.9602248911015242
1,byte_domain,12,auth0,67,181021.jpg,0.9648233776911799
1,byte_domain,12,auth0,68,183066.jpg,0.9625279702553916
1,byte_domain,12,auth0,69,185092.jpg,0.9616487401392508
1,byte_domain,12,auth0,70,187058.jpg,0.9565114687293778
1,byte_domain,12,auth0,71,187099.jpg,0.9655774581635171
1,byte_domain,12,auth0,72,188025.jpg,0.9573542961129966
1,byte_domain,12,auth0,73,189006.jpg,0.9597394049862722
1,byte_domain,12,auth0,74,189013.jpg,0.9653758090928081
1,byte_domain,12,auth0,75,189029.jpg,0.9595664813785594
1,byte_domain,12,auth0,76,189096.jpg,0.9599196961014357
1,byte_domain,12,auth0,77,196027.jpg,0.955968158278167
1,byte_domain,12,auth0,78,196040.jpg,0.9601398249416342
1,byte_domain,12,auth0,79,196062.jpg,0.9533392051846978
1,byte_domain,12,auth0,80,196088.jpg,0.9607289889497896
1,byte_domain,12,auth0,81,198087.jpg,0.9609750152455658
1,byte_domain,12,auth0,82,20069.jpg,0.9537914725748742
1,byte_domain,12,auth0,83,201080.jpg,0.9576769565984801
1,byte_domain,12,auth0,84,2018.jpg,0.9680108153930523
1,byte_domain,12,auth0,85,202000.jpg,0.9612816688273959
1,byte_domain,12,auth0,86,206062.jpg,0.963122601956103
1,byte_domain,12,auth0,87,206097.jpg,0.9489432697800471
1,byte_domain,12,auth0,88,207038.jpg,0.9646681799755611
1,byte_domain,12,auth0,89,207049.jpg,0.9551950075939861
1,byte_domain,12,auth0,90,208078.jpg,0.9544937812862513
1,byte_domain,12,auth0,91,209021.jpg,0.9639349999228953
1,byte_domain,12,auth0,92,217013.jpg,0.9650590856487238
1,byte_domain,12,auth0,93,217090.jpg,0.9599480687107536
1,byte_domain,12,auth0,94,220003.jpg,0.9620891106629554
1,byte_domain,12,auth0,95,223004.jpg,0.9626612269661184
1,byte_domain,12,auth0,96,223060.jpg,0.9499374582192917
1,byte_domain,12,auth0,97,225022.jpg,0.9569260975842293
1,byte_domain,12,auth0,98,226022.jpg,0.9628804783871877
1,byte_domain,12,auth0,99,226033.jpg,0.9594387406662349
1,byte_domain,12,auth0,100,226043.jpg,0.9569562021191191
1,byte_domain,12,auth0,101,226060.jpg,0.9541372239165222
1,byte_domain,12,auth0,102,228076.jpg,0.9578589444630965
1,byte_domain,12,auth0,103,230063.jpg,0.9626566125968911
1,byte_domain,12,auth0,104,230098.jpg,0.9528288038037547
1,byte_domain,12,auth0,105,23050.jpg,0.9612707427837022
1,byte_domain,12,auth0,106,232076.jpg,0.9589671513320637
1,byte_domain,12,auth0,107,235098.jpg,0.9591767726521551
1,byte_domain,12,auth0,108,238025.jpg,0.9657643538388425
1,byte_domain,12,auth0,109,243095.jpg,0.9527195973028304
1,byte_domain,12,auth0,110,246009.jpg,0.9638167094925943
1,byte_domain,12,auth0,111,247003.jpg,0.9659296787866694
1,byte_domain,12,auth0,112,247012.jpg,0.9650480687909954
1,byte_domain,12,auth0,113,249021.jpg,0.9580077942966304
1,byte_domain,12,auth0,114,250047.jpg,0.9619799660579536
1,byte_domain,12,auth0,115,250087.jpg,0.9621124381155839
1,byte_domain,12,auth0,116,253016.jpg,0.9639748560847454
1,byte_domain,12,auth0,117,253092.jpg,0.9635222254172235
1,byte_domain,12,auth0,118,257098.jpg,0.9607937143478372
1,byte_domain,12,auth0,119,258089.jpg,0.963552753150885
1,byte_domain,12,auth0,120,259060.jpg,0.9612513646036874
1,byte_domain,12,auth0,121,267036.jpg,0.9581871517824315
1,byte_domain,12,auth0,122,268048.jpg,0.9585908791553323
1,byte_domain,12,auth0,123,268074.jpg,0.9602490948540572
1,byte_domain,12,auth0,124,277053.jpg,0.9698878011946014
1,byte_domain,12,auth0,125,279005.jpg,0.9572056674559684
1,byte_domain,12,auth0,126,28083.jpg,0.9600032442774329
1,byte_domain,12,auth0,127,281017.jpg,0.9643932181490495
1,byte_domain,12,auth0,128,285022.jpg,0.9600135349116415
1,byte_domain,12,auth0,129,288024.jpg,0.962065677579062
1,byte_domain,12,auth0,130,289011.jpg,0.9638574610132669
1,byte_domain,12,auth0,131,290035.jpg,0.9567463949444843
1,byte_domain,12,auth0,132,29030.jpg,0.9561301587291698
1,byte_domain,12,auth0,133,296028.jpg,0.9650838619387787
1,byte_domain,12,auth0,134,296058.jpg,0.9533516075228978
1,byte_domain,12,auth0,135,302022.jpg,0.9598329314178263
1,byte_domain,12,auth0,136,306051.jpg,0.9561326933269375
1,byte_domain,12,auth0,137,306052.jpg,0.9563863188330173
1,byte_domain,12,auth0,138,3063.jpg,0.9577216216091402
1,byte_domain,12,auth0,139,309040.jpg,0.9570528696509862
1,byte_domain,12,auth0,140,317043.jpg,0.9608394205196826
1,byte_domain,12,auth0,141,326025.jpg,0.9634937929180871
1,byte_domain,12,auth0,142,326085.jpg,0.960375469644788
1,byte_domain,12,auth0,143,33044.jpg,0.956674531644478
1,byte_domain,12,auth0,144,334025.jpg,0.959768244108075
1,byte_domain,12,auth0,145,335088.jpg,0.954793226817487
1,byte_domain,12,auth0,146,335094.jpg,0.956829726629085
1,byte_domain,12,auth0,147,344010.jpg,0.9608788479161832
1,byte_domain,12,auth0,148,346016.jpg,0.9631807631518292
1,byte_domain,12,auth0,149,347031.jpg,0.9587004403097054
1,byte_domain,12,auth0,150,35028.jpg,0.9637952355178789
1,byte_domain,12,auth0,151,35049.jpg,0.9621804606924186
1,byte_domain,12,auth0,152,36046.jpg,0.9610366457569387
1,byte_domain,12,auth0,153,365072.jpg,0.9591377742774825
1,byte_domain,12,auth0,154,368037.jpg,0.9636362723549405
1,byte_domain,12,auth0,155,372019.jpg,0.9569345894409332
1,byte_domain,12,auth0,156,376086.jpg,0.9654564735281129
1,byte_domain,12,auth0,157,384022.jpg,0.9523787394779115
1,byte_domain,12,auth0,158,384089.jpg,0.9682160623593659
1,byte_domain,12,auth0,159,385022.jpg,0.9586989358451584
1,byte_domain,12,auth0,160,388006.jpg,0.9652074130406959
1,byte_domain,12,auth0,161,388018.jpg,0.955664551363782
1,byte_domain,12,auth0,162,388067.jpg,0.9646381866636451
1,byte_domain,12,auth0,163,393035.jpg,0.9687195276124838
1,byte_domain,12,auth0,164,41006.jpg,0.9535638526774952
1,byte_domain,12,auth0,165,41029.jpg,0.9676523668304587
1,byte_domain,12,auth0,166,41085.jpg,0.963346625300464
1,byte_domain,12,auth0,167,41096.jpg,0.959673250540706
1,byte_domain,12,auth0,168,43033.jpg,0.9636567894431904
1,byte_domain,12,auth0,169,43051.jpg,0.9558799086804205
1,byte_domain,12,auth0,170,45000.jpg,0.9626911270521477
1,byte_domain,12,auth0,171,48017.jpg,0.963278813167316
1,byte_domain,12,auth0,172,48025.jpg,0.9573789314489288
1,byte_domain,12,auth0,173,49024.jpg,0.9522556172240997
1,byte_domain,12,auth0,174,5096.jpg,0.9580761052024227
1,byte_domain,12,auth0,175,51084.jpg,0.9592022187248939
1,byte_domain,12,auth0,176,6046.jpg,0.9616793485328318
1,byte_domain,12,auth0,177,61034.jpg,0.9564772837593654
1,byte_domain,12,auth0,178,64061.jpg,0.9620952686641617
1,byte_domain,12,auth0,179,65084.jpg,0.9634645383507159
1,byte_domain,12,auth0,180,69000.jpg,0.9579770075711576
1,byte_domain,12,auth0,181,69007.jpg,0.9581767918220929
1,byte_domain,12,auth0,182,69022.jpg,0.9583820939679624
1,byte_domain,12,auth0,183,70011.jpg,0.9623243300560691
1,byte_domain,12,auth0,184,70090.jpg,0.9515850737372696
1,byte_domain,12,auth0,185,71076.jpg,0.9614616058389787
1,byte_domain,12,auth0,186,71099.jpg,0.9570136260135701
1,byte_domain,12,auth0,187,77062.jpg,0.9540539725346188
1,byte_domain,12,auth0,188,78098.jpg,0.9603302709627596
1,byte_domain,12,auth0,189,79073.jpg,0.9621687965116293
1,byte_domain,12,auth0,190,80085.jpg,0.9654453955760477
1,byte_domain,12,auth0,191,80090.jpg,0.9578550789554583
1,byte_domain,12,auth0,192,8068.jpg,0.9652272775158852
1,byte_domain,12,auth0,193,81066.jpg,0.9610415595153512
1,byte_domain,12,auth0,194,81090.jpg,0.9616760411672745
1,byte_domain,12,auth0,195,81095.jpg,0.9567396449048521
1,byte_domain,12,auth0,196,87015.jpg,0.958224614749874
1,byte_domain,12,auth0,197,92014.jpg,0.965173833417904
1,byte_domain,12,auth0,198,94095.jpg,0.9680188807962586
1,byte_domain,12,auth0,199,97010.jpg,0.9593349229884717
2,full_field,12,auth0,0,100007.jpg,0.954641374657454
2,full_field,12,auth0,1,100039.jpg,0.9588868700792518
2,full_field,12,auth0,2,100099.jpg,0.9587373301306776
2,full_field,12,auth0,3,10081.jpg,0.9633982425491865
2,full_field,12,auth0,4,101027.jpg,0.9674193358052748
2,full_field,12,auth0,5,101084.jpg,0.961178432254561
2,full_field,12,auth0,6,102062.jpg,0.9657818630922249
2,full_field,12,auth0,7,103006.jpg,0.9627143015997515
2,full_field,12,auth0,8,103029.jpg,0.9579175683865172
2,full_field,12,auth0,9,103078.jpg,0.957364329946496
2,full_field,12,auth0,10,104010.jpg,0.9599871381777648
2,full_field,12,auth0,11,104055.jpg,0.9565875975893495
2,full_field,12,auth0,12,105027.jpg,0.9619348606977765
2,full_field,12,auth0,13,106005.jpg,0.9601393745562098
2,full_field,12,auth0,14,106047.jpg,0.9586791994958923
2,full_field,12,auth0,15,107014.jpg,0.9596278449349548
2,full_field,12,auth0,16,107045.jpg,0.9601327002596546
2,full_field,12,auth0,17,107072.jpg,0.9571691624199206
2,full_field,12,auth0,18,108004.jpg,0.956457985763843
2,full_field,12,auth0,19,108036.jpg,0.9547730295769679
2,full_field,12,auth0,20,108069.jpg,0.9596039930368033
2,full_field,12,auth0,21,109055.jpg,0.9592046798569158
2,full_field,12,auth0,22,112056.jpg,0.9532303018009951
2,full_field,12,auth0,23,112090.jpg,0.9608456043989271
2,full_field,12,auth0,24,117025.jpg,0.9646017600610947
2,full_field,12,auth0,25,118015.jpg,0.9560157652794137
2,full_field,12,auth0,26,118031.jpg,0.9570065254759886
2,full_field,12,auth0,27,118072.jpg,0.9575965396075394
2,full_field,12,auth0,28,120003.jpg,0.9575490889448633
2,full_field,12,auth0,29,120093.jpg,0.9613986082387982
2,full_field,12,auth0,30,123057.jpg,0.9600490014636713
2,full_field,12,auth0,31,128035.jpg,0.9627752307971787
2,full_field,12,auth0,32,130014.jpg,0.9576413564048273
2,full_field,12,auth0,33,130066.jpg,0.9616083811425118
2,full_field,12,auth0,34,134049.jpg,0.9509038291957695
2,full_field,12,auth0,35,134067.jpg,0.9590713406844463
2,full_field,12,auth0,36,140006.jpg,0.9540744718378932
2,full_field,12,auth0,37,140088.jpg,0.9560123539676765
2,full_field,12,auth0,38,14085.jpg,0.9575304785517892
2,full_field,12,auth0,39,14092.jpg,0.9639796298523993
2,full_field,12,auth0,40,141012.jpg,0.9569369369921639
2,full_field,12,auth0,41,141048.jpg,0.9624353812294884
2,full_field,12,auth0,42,145059.jpg,0.9576264862674926
2,full_field,12,auth0,43,145079.jpg,0.9651904900319435
2,full_field,12,auth0,44,146074.jpg,0.9640529594948535
2,full_field,12,auth0,45,147077.jpg,0.9613989690866499
2,full_field,12,auth0,46,147080.jpg,0.9599435537466677
2,full_field,12,auth0,47,15011.jpg,0.9587954084737217
2,full_field,12,auth0,48,15062.jpg,0.9651233618747226
2,full_field,12,auth0,49,156054.jpg,0.9598367416494501
2,full_field,12,auth0,50,157032.jpg,0.9609721386505681
2,full_field,12,auth0,51,157087.jpg,0.9612326706948647
2,full_field,12,auth0,52,159002.jpg,0.959624909379816
2,full_field,12,auth0,53,159022.jpg,0.9510096000069839
2,full_field,12,auth0,54,160006.jpg,0.9586004711631474
2,full_field,12,auth0,55,16004.jpg,0.9595706015232368
2,full_field,12,auth0,56,160067.jpg,0.9577641874770553
2,full_field,12,auth0,57,16068.jpg,0.9626346877076087
2,full_field,12,auth0,58,161045.jpg,0.9577280752169772
2,full_field,12,auth0,59,163004.jpg,0.9596579249366299
2,full_field,12,auth0,60,163096.jpg,0.9564941664259161
2,full_field,12,auth0,61,164046.jpg,0.9640202477974205
2,full_field,12,auth0,62,168084.jpg,0.9530986295911726
2,full_field,12,auth0,63,17067.jpg,0.962356570363233
2,full_field,12,auth0,64,175083.jpg,0.9603921195310854
2,full_field,12,auth0,65,176051.jpg,0.9540119731779048
2,full_field,12,auth0,66,179084.jpg,0.960648845104202
2,full_field,12,auth0,67,181021.jpg,0.9524058053925143
2,full_field,12,auth0,68,183066.jpg,0.9589052678079117
2,full_field,12,auth0,69,185092.jpg,0.9567457677423541
2,full_field,12,auth0,70,187058.jpg,0.9599935770892657
2,full_field,12,auth0,71,187099.jpg,0.9621261001233847
2,full_field,12,auth0,72,188025.jpg,0.9580472740225003
2,full_field,12,auth0,73,189006.jpg,0.9623661929956868
2,full_field,12,auth0,74,189013.jpg,0.9582022078584886
2,full_field,12,auth0,75,189029.jpg,0.9609350388067659
2,full_field,12,auth0,76,189096.jpg,0.9545899196429111
2,full_field,12,auth0,77,196027.jpg,0.95687396141983
2,full_field,12,auth0,78,196040.jpg,0.9592675314570613
2,full_field,12,auth0,79,196062.jpg,0.954977378577084
2,full_field,12,auth0,80,196088.jpg,0.9579606203050413
2,full_field,12,auth0,81,198087.jpg,0.9580149780165899
2,full_field,12,auth0,82,20069.jpg,0.950436431643172
2,full_field,12,auth0,83,201080.jpg,0.9616295616242135
2,full_field,12,auth0,84,2018.jpg,0.9595582008484563
2,full_field,12,auth0,85,202000.jpg,0.9607974144736184
2,full_field,12,auth0,86,206062.jpg,0.9662281366016364
2,full_field,12,auth0,87,206097.jpg,0.9638691837392583
2,full_field,12,auth0,88,207038.jpg,0.9578910429826747
2,full_field,12,auth0,89,207049.jpg,0.9606765248574725
2,full_field,12,auth0,90,208078.jpg,0.9573638011768154
2,full_field,12,auth0,91,209021.jpg,0.9575053793827778
2,full_field,12,auth0,92,217013.jpg,0.9634704781347274
2,full_field,12,auth0,93,217090.jpg,0.9518229026174957
2,full_field,12,auth0,94,220003.jpg,0.9599333370925552
2,full_field,12,auth0,95,223004.jpg,0.9576635459295102
2,full_field,12,auth0,96,223060.jpg,0.9657221887996089
2,full_field,12,auth0,97,225022.jpg,0.9607940153161391
2,full_field,12,auth0,98,226022.jpg,0.9659561375400824
2,full_field,12,auth0,99,226033.jpg,0.9550790470645112
2,full_field,12,auth0,100,226043.jpg,0.9498647603615643
2,full_field,12,auth0,101,226060.jpg,0.9592982095042364
2,full_field,12,auth0,102,228076.jpg,0.9621109253962996
2,full_field,12,auth0,103,230063.jpg,0.959718228285823
2,full_field,12,auth0,104,230098.jpg,0.9592383919294518
2,full_field,12,auth0,105,23050.jpg,0.9593064383370544
2,full_field,12,auth0,106,232076.jpg,0.9576602538931629
2,full_field,12,auth0,107,235098.jpg,0.9569117493748913
2,full_field,12,auth0,108,238025.jpg,0.9571626149914819
2,full_field,12,auth0,109,243095.jpg,0.954481968078062
2,full_field,12,auth0,110,246009.jpg,0.9589167542020594
2,full_field,12,auth0,111,247003.jpg,0.9545661514290572
2,full_field,12,auth0,112,247012.jpg,0.9608687186061855
2,full_field,12,auth0,113,249021.jpg,0.9609267539253339
2,full_field,12,auth0,114,250047.jpg,0.9525262723901855
2,full_field,12,auth0,115,250087.jpg,0.9612972550138758
2,full_field,12,auth0,116,253016.jpg,0.9626224932255415
2,full_field,12,auth0,117,253092.jpg,0.9621154082824758
2,full_field,12,auth0,118,257098.jpg,0.9651565670755105
2,full_field,12,auth0,119,258089.jpg,0.9606108343873585
2,full_field,12,auth0,120,259060.jpg,0.9627978502420182
2,full_field,12,auth0,121,267036.jpg,0.952405473207982
2,full_field,12,auth0,122,268048.jpg,0.9573948160296429
2,full_field,12,auth0,123,268074.jpg,0.9578605397296396
2,full_field,12,auth0,124,277053.jpg,0.9518273015667499
2,full_field,12,auth0,125,279005.jpg,0.9559665430253895
2,full_field,12,auth0,126,28083.jpg,0.9605742980948373
2,full_field,12,auth0,127,281017.jpg,0.9536123272238861
2,full_field,12,auth0,128,285022.jpg,0.957789125315904
2,full_field,12,auth0,129,288024.jpg,0.9594474273801898
2,full_field,12,auth0,130,289011.jpg,0.9549919325058432
2,full_field,12,auth0,131,290035.jpg,0.9590041660990508
2,full_field,12,auth0,132,29030.jpg,0.9531609079098803
2,full_field,12,auth0,133,296028.jpg,0.95785347329046
2,full_field,12,auth0,134,296058.jpg,0.9564919693195967
2,full_field,12,auth0,135,302022.jpg,0.9599604673413542
2,full_field,12,auth0,136,306051.jpg,0.9633438705449743
2,full_field,12,auth0,137,306052.jpg,0.9528920999276851
2,full_field,12,auth0,138,3063.jpg,0.9533427834807019
2,full_field,12,auth0,139,309040.jpg,0.9616474069584672
2,full_field,12,auth0,140,317043.jpg,0.9621560982787665
2,full_field,12,auth0,141,326025.jpg,0.9588388971624614
2,full_field,12,auth0,142,326085.jpg,0.9587017137205862
2,full_field,12,auth0,143,33044.jpg,0.9573484747483412
2,full_field,12,auth0,144,334025.jpg,0.9606425812777424
2,full_field,12,auth0,145,335088.jpg,0.9625483216808312
2,full_field,12,auth0,146,335094.jpg,0.954188941138259
2,full_field,12,auth0,147,344010.jpg,0.9463195930023534
2,full_field,12,auth0,148,346016.jpg,0.9606895655200333
2,full_field,12,auth0,149,347031.jpg,0.9636043659987574
2,full_field,12,auth0,150,35028.jpg,0.9555264759007399
2,full_field,12,auth0,151,35049.jpg,0.9642003904901743
2,full_field,12,auth0,152,36046.jpg,0.9578205213947366
2,full_field,12,auth0,153,365072.jpg,0.9585633587845312
2,full_field,12,auth0,154,368037.jpg,0.9578153484938723
2,full_field,12,auth0,155,372019.jpg,0.9566553657481408
2,full_field,12,auth0,156,376086.jpg,0.9653951671480354
2,full_field,12,auth0,157,384022.jpg,0.9564040877548607
2,full_field,12,auth0,158,384089.jpg,0.9570707275921853
2,full_field,12,auth0,159,385022.jpg,0.9585022343922847
2,full_field,12,auth0,160,388006.jpg,0.9533740137488966
2,full_field,12,auth0,161,388018.jpg,0.9615722102428346
2,full_field,12,auth0,162,388067.jpg,0.9623757458700588
2,full_field,12,auth0,163,393035.jpg,0.962235728879418
2,full_field,12,auth0,164,41006.jpg,0.9610025696690354
2,full_field,12,auth0,165,41029.jpg,0.9620979289008929
2,full_field,12,auth0,166,41085.jpg,0.9559534186902691
2,full_field,12,auth0,167,41096.jpg,0.9608690680111439
2,full_field,12,auth0,168,43033.jpg,0.9503298020797444
2,full_field,12,auth0,169,43051.jpg,0.9581140147036707
2,full_field,12,auth0,170,45000.jpg,0.9536110490311327
2,full_field,12,auth0,171,48017.jpg,0.9589387620067384
2,full_field,12,auth0,172,48025.jpg,0.9662412695281523
2,full_field,12,auth0,173,49024.jpg,0.9579878139941841
2,full_field,12,auth0,174,5096.jpg,0.9612524567176192
2,full_field,12,auth0,175,51084.jpg,0.9589176517011679
2,full_field,12,auth0,176,6046.jpg,0.9560445708054467
2,full_field,12,auth0,177,61034.jpg,0.9610258275072815
2,full_field,12,auth0,178,64061.jpg,0.9580893316711656
2,full_field,12,auth0,179,65084.jpg,0.9584817157802579
2,full_field,12,auth0,180,69000.jpg,0.9603558818143312
2,full_field,12,auth0,181,69007.jpg,0.9636748899037086
2,full_field,12,auth0,182,69022.jpg,0.9586496210955251
2,full_field,12,auth0,183,70011.jpg,0.958841819940514
2,full_field,12,auth0,184,70090.jpg,0.9531832364204377
2,full_field,12,auth0,185,71076.jpg,0.9606661621112047
2,full_field,12,auth0,186,71099.jpg,0.9538821183259453
2,full_field,12,auth0,187,77062.jpg,0.9530224251159445
2,full_field,12,auth0,188,78098.jpg,0.957835522012572
2,full_field,12,auth0,189,79073.jpg,0.9569257564143265
2,full_field,12,auth0,190,80085.jpg,0.96283601833239
2,full_field,12,auth0,191,80090.jpg,0.9547594169019725
2,full_field,12,auth0,192,8068.jpg,0.9604746393311429
2,full_field,12,auth0,193,81066.jpg,0.9572013083173327
2,full_field,12,auth0,194,81090.jpg,0.9513463858763992
2,full_field,12,auth0,195,81095.jpg,0.9613712905752886
2,full_field,12,auth0,196,87015.jpg,0.9615533684795272
2,full_field,12,auth0,197,92014.jpg,0.960786881397976
2,full_field,12,auth0,198,94095.jpg,0.9557176327075491
2,full_field,12,auth0,199,97010.jpg,0.9577408214000502
2,byte_domain,12,auth0,0,100007.jpg,0.9568176106361815
2,byte_domain,12,auth0,1,100039.jpg,0.9611890653128332
2,byte_domain,12,auth0,2,100099.jpg,0.9559930832756076
2,byte_domain,12,auth0,3,10081.jpg,0.960888312429421
2,byte_domain,12,auth0,4,101027.jpg,0.9591705211447049
2,byte_domain,12,auth0,5,101084.jpg,0.9579928715880088
2,byte_domain,12,auth0,6,102062.jpg,0.9525699448261684
2,byte_domain,12,auth0,7,103006.jpg,0.959662970301276
2,byte_domain,12,auth0,8,103029.jpg,0.9638577921679095
2,byte_domain,12,auth0,9,103078.jpg,0.9624070248889833
2,byte_domain,12,auth0,10,104010.jpg,0.9626266456596304
2,byte_domain,12,auth0,11,104055.jpg,0.9593881300228209
2,byte_domain,12,auth0,12,105027.jpg,0.9634066626191862
2,byte_domain,12,auth0,13,106005.jpg,0.9576152967366417
2,byte_domain,12,auth0,14,106047.jpg,0.9623159606258976
2,byte_domain,12,auth0,15,107014.jpg,0.9622770102671209
2,byte_domain,12,auth0,16,107045.jpg,0.960041982380724
2,byte_domain,12,auth0,17,107072.jpg,0.9637535549205816
2,byte_domain,12,auth0,18,108004.jpg,0.966266707376288
2,byte_domain,12,auth0,19,108036.jpg,0.9646850101403891
2,byte_domain,12,auth0,20,108069.jpg,0.9637676439982865
2,byte_domain,12,auth0,21,109055.jpg,0.9574805975351025
2,byte_domain,12,auth0,22,112056.jpg,0.9656228537688357
2,byte_domain,12,auth0,23,112090.jpg,0.9614125002922682
2,byte_domain,12,auth0,24,117025.jpg,0.9593771487854849
2,byte_domain,12,auth0,25,118015.jpg,0.9616927811949214
2,byte_domain,12,auth0,26,118031.jpg,0.9619675340535708
2,byte_domain,12,auth0,27,118072.jpg,0.9592939243862694
2,byte_domain,12,auth0,28,120003.jpg,0.9645245662874407
2,byte_domain,12,auth0,29,120093.jpg,0.960370674919976
2,byte_domain,12,auth0,30,123057.jpg,0.9586941309175617
2,byte_domain,12,auth0,31,128035.jpg,0.9595484672327691
2,byte_domain,12,auth0,32,130014.jpg,0.9678815347763742
2,byte_domain,12,auth0,33,130066.jpg,0.9562056040248353
2,byte_domain,12,auth0,34,134049.jpg,0.9628992885450003
2,byte_domain,12,auth0,35,134067.jpg,0.9586442504079493
2,byte_domain,12,auth0,36,140006.jpg,0.957328078745332
2,byte_domain,12,auth0,37,140088.jpg,0.9603283872437666
2,byte_domain,12,auth0,38,14085.jpg,0.957603643363391
2,byte_domain,12,auth0,39,14092.jpg,0.9614526176895329
2,byte_domain,12,auth0,40,141012.jpg,0.9591190519276072
2,byte_domain,12,auth0,41,141048.jpg,0.9613990757052173
2,byte_domain,12,auth0,42,145059.jpg,0.9560888272756473
2,byte_domain,12,auth0,43,145079.jpg,0.9644700845963978
2,byte_domain,12,auth0,44,146074.jpg,0.9619331689450524
2,byte_domain,12,auth0,45,147077.jpg,0.9629217061581032
2,byte_domain,12,auth0,46,147080.jpg,0.9598259105410851
2,byte_domain,12,auth0,47,15011.jpg,0.9546401258897741
2,byte_domain,12,auth0,48,15062.jpg,0.9655531270156241
2,byte_domain,12,auth0,49,156054.jpg,0.9627488651112858
2,byte_domain,12,auth0,50,157032.jpg,0.9701864471330109
2,byte_domain,12,auth0,51,157087.jpg,0.9525257445979641
2,byte_domain,12,auth0,52,159002.jpg,0.9578994245766527
2,byte_domain,12,auth0,53,159022.jpg,0.9662698812626628
2,byte_domain,12,auth0,54,160006.jpg,0.9555589400719954
2,byte_domain,12,auth0,55,16004.jpg,0.9570581401305764
2,byte_domain,12,auth0,56,160067.jpg,0.9524589135069951
2,byte_domain,12,auth0,57,16068.jpg,0.9597111588324652
2,byte_domain,12,auth0,58,161045.jpg,0.9624593655611212
2,byte_domain,12,auth0,59,163004.jpg,0.957827744516742
2,byte_domain,12,auth0,60,163096.jpg,0.958023911543648
2,byte_domain,12,auth0,61,164046.jpg,0.96084991534327
2,byte_domain,12,auth0,62,168084.jpg,0.9609715656558038
2,byte_domain,12,auth0,63,17067.jpg,0.9648676212732605
2,byte_domain,12,auth0,64,175083.jpg,0.958521800694038
2,byte_domain,12,auth0,65,176051.jpg,0.9571560991283581
2,byte_domain,12,auth0,66,179084.jpg,0.9647493525241128
2,byte_domain,12,auth0,67,181021.jpg,0.9607367731711752
2,byte_domain,12,auth0,68,183066.jpg,0.9641018285239551
2,byte_domain,12,auth0,69,185092.jpg,0.9607747467114776
2,byte_domain,12,auth0,70,187058.jpg,0.9611751466534559
2,byte_domain,12,auth0,71,187099.jpg,0.9634653881843938
2,byte_domain,12,auth0,72,188025.jpg,0.9631955987733848
2,byte_domain,12,auth0,73,189006.jpg,0.9675650512092554
2,byte_domain,12,auth0,74,189013.jpg,0.9612105728987905
2,byte_domain,12,auth0,75,189029.jpg,0.9635732930401475
2,byte_domain,12,auth0,76,189096.jpg,0.9634328414501334
2,byte_domain,12,auth0,77,196027.jpg,0.9624582315870313
2,byte_domain,12,auth0,78,196040.jpg,0.964363840394777
2,byte_domain,12,auth0,79,196062.jpg,0.959399933731601
2,byte_domain,12,auth0,80,196088.jpg,0.9532969088462585
2,byte_domain,12,auth0,81,198087.jpg,0.9557840655014785
2,byte_domain,12,auth0,82,20069.jpg,0.9581550256213427
2,byte_domain,12,auth0,83,201080.jpg,0.9637849295767517
2,byte_domain,12,auth0,84,2018.jpg,0.9599359845828377
2,byte_domain,12,auth0,85,202000.jpg,0.9577339159201461
2,byte_domain,12,auth0,86,206062.jpg,0.9592838695089597
2,byte_domain,12,auth0,87,206097.jpg,0.9555709697250924
2,byte_domain,12,auth0,88,207038.jpg,0.9637920493302715
2,byte_domain,12,auth0,89,207049.jpg,0.9603129715431817
2,byte_domain,12,auth0,90,208078.jpg,0.9604060930723962
2,byte_domain,12,auth0,91,209021.jpg,0.9592363711874071
2,byte_domain,12,auth0,92,217013.jpg,0.959869492705095
2,byte_domain,12,auth0,93,217090.jpg,0.9529807945830148
2,byte_domain,12,auth0,94,220003.jpg,0.9570690595092043
2,byte_domain,12,auth0,95,223004.jpg,0.9557585793032379
2,byte_domain,12,auth0,96,223060.jpg,0.9643214622897789
2,byte_domain,12,auth0,97,225022.jpg,0.9530777205411957
2,byte_domain,12,auth0,98,226022.jpg,0.9608975139938534
2,byte_domain,12,auth0,99,226033.jpg,0.9593882556286367
2,byte_domain,12,auth0,100,226043.jpg,0.9581697137313181
2,byte_domain,12,auth0,101,226060.jpg,0.9666483019027703
2,byte_domain,12,auth0,102,228076.jpg,0.9594977046183697
2,byte_domain,12,auth0,103,230063.jpg,0.9589569201062473
2,byte_domain,12,auth0,104,230098.jpg,0.9582829678857485
2,byte_domain,12,auth0,105,23050.jpg,0.9612850780469333
2,byte_domain,12,auth0,106,232076.jpg,0.959324667000234
2,byte_domain,12,auth0,107,235098.jpg,0.9602658878149698
2,byte_domain,12,auth0,108,238025.jpg,0.9653937720683784
2,byte_domain,12,auth0,109,243095.jpg,0.9590621725510335
2,byte_domain,12,auth0,110,246009.jpg,0.9656207394085033
2,byte_domain,12,auth0,111,247003.jpg,0.9619925243719465
2,byte_domain,12,auth0,112,247012.jpg,0.9616787044939378
2,byte_domain,12,auth0,113,249021.jpg,0.9639535526638483
2,byte_domain,12,auth0,114,250047.jpg,0.9608383260704599
2,byte_domain,12,auth0,115,250087.jpg,0.961582858794262
2,byte_domain,12,auth0,116,253016.jpg,0.9635133592945604
2,byte_domain,12,auth0,117,253092.jpg,0.962472603789108
2,byte_domain,12,auth0,118,257098.jpg,0.9603611239054721
2,byte_domain,12,auth0,119,258089.jpg,0.9578640874967871
2,byte_domain,12,auth0,120,259060.jpg,0.9643083148371259
2,byte_domain,12,auth0,121,267036.jpg,0.9653445469652262
2,byte_domain,12,auth0,122,268048.jpg,0.9647819470507195
2,byte_domain,12,auth0,123,268074.jpg,0.9595117473051142
2,byte_domain,12,auth0,124,277053.jpg,0.9559419750026197
2,byte_domain,12,auth0,125,279005.jpg,0.9585124606797919
2,byte_domain,12,auth0,126,28083.jpg,0.9598029013901302
2,byte_domain,12,auth0,127,281017.jpg,0.9647899913730132
2,byte_domain,12,auth0,128,285022.jpg,0.9616154670970153
2,byte_domain,12,auth0,129,288024.jpg,0.9590134095249649
2,byte_domain,12,auth0,130,289011.jpg,0.9608479846039831
2,byte_domain,12,auth0,131,290035.jpg,0.9556101299554132
2,byte_domain,12,auth0,132,29030.jpg,0.9590935530884758
2,byte_domain,12,auth0,133,296028.jpg,0.9533003136895699
2,byte_domain,12,auth0,134,296058.jpg,0.9622273231076655
2,byte_domain,12,auth0,135,302022.jpg,0.9601711438856695
2,byte_domain,12,auth0,136,306051.jpg,0.9566257612503481
2,byte_domain,12,auth0,137,306052.jpg,0.9615665215317478
2,byte_domain,12,auth0,138,3063.jpg,0.9560512972382454
2,byte_domain,12,auth0,139,309040.jpg,0.960896554458597
2,byte_domain,12,auth0,140,317043.jpg,0.9654752464086729
2,byte_domain,12,auth0,141,326025.jpg,0.9561300849959469
2,byte_domain,12,auth0,142,326085.jpg,0.9605824016989568
2,byte_domain,12,auth0,143,33044.jpg,0.959404215332476
2,byte_domain,12,auth0,144,334025.jpg,0.9597915658369867
2,byte_domain,12,auth0,145,335088.jpg,0.9655286447304182
2,byte_domain,12,auth0,146,335094.jpg,0.9581025668005491
2,byte_domain,12,auth0,147,344010.jpg,0.9591067238718091
2,byte_domain,12,auth0,148,346016.jpg,0.9609957180057693
2,byte_domain,12,auth0,149,347031.jpg,0.9605459950705281
2,byte_domain,12,auth0,150,35028.jpg,0.959877331708969
2,byte_domain,12,auth0,151,35049.jpg,0.9569325321689027
2,byte_domain,12,auth0,152,36046.jpg,0.962771031241656
2,byte_domain,12,auth0,153,365072.jpg,0.9642401685488886
2,byte_domain,12,auth0,154,368037.jpg,0.9608908959756788
2,byte_domain,12,auth0,155,372019.jpg,0.9575385916130695
2,byte_domain,12,auth0,156,376086.jpg,0.9536332631182621
2,byte_domain,12,auth0,157,384022.jpg,0.9668525456438841
2,byte_domain,12,auth0,158,384089.jpg,0.9579251879623052
2,byte_domain,12,auth0,159,385022.jpg,0.9494811568352968
2,byte_domain,12,auth0,160,388006.jpg,0.9626121246745603
2,byte_domain,12,auth0,161,388018.jpg,0.9603404511862748
2,byte_domain,12,auth0,162,388067.jpg,0.9628445760070524
2,byte_domain,12,auth0,163,393035.jpg,0.9609741798548831
2,byte_domain,12,auth0,164,41006.jpg,0.9548632633031904
2,byte_domain,12,auth0,165,41029.jpg,0.9565751524387127
2,byte_domain,12,auth0,166,41085.jpg,0.9631444953736491
2,byte_domain,12,auth0,167,41096.jpg,0.9515855246237118
2,byte_domain,12,auth0,168,43033.jpg,0.96423153568696
2,byte_domain,12,auth0,169,43051.jpg,0.9504116746204442
2,byte_domain,12,auth0,170,45000.jpg,0.954739509052563
2,byte_domain,12,auth0,171,48017.jpg,0.9615821522613314
2,byte_domain,12,auth0,172,48025.jpg,0.9645088799597104
2,byte_domain,12,auth0,173,49024.jpg,0.9553331346213562
2,byte_domain,12,auth0,174,5096.jpg,0.9618226746080549
2,byte_domain,12,auth0,175,51084.jpg,0.9630644277999387
2,byte_domain,12,auth0,176,6046.jpg,0.9552842995091803
2,byte_domain,12,auth0,177,61034.jpg,0.9652136233160022
2,byte_domain,12,auth0,178,64061.jpg,0.9572928766724541
2,byte_domain,12,auth0,179,65084.jpg,0.9633492531954339
2,byte_domain,12,auth0,180,69000.jpg,0.9627034373704033
2,byte_domain,12,auth0,181,69007.jpg,0.9652759969406118
2,byte_domain,12,auth0,182,69022.jpg,0.9579198864673949
2,byte_domain,12,auth0,183,70011.jpg,0.9567258899632801
2,byte_domain,12,auth0,184,70090.jpg,0.96202770136523
2,byte_domain,12,auth0,185,71076.jpg,0.9611931520363511
2,byte_domain,12,auth0,186,71099.jpg,0.9584187865059546
2,byte_domain,12,auth0,187,77062.jpg,0.9577910856395296
2,byte_domain,12,auth0,188,78098.jpg,0.9560723942306513
2,byte_domain,12,auth0,189,79073.jpg,0.9689204859479489
2,byte_domain,12,auth0,190,80085.jpg,0.957297454363934
2,byte_domain,12,auth0,191,80090.jpg,0.9599274048138315
2,byte_domain,12,auth0,192,8068.jpg,0.9636578401474453
2,byte_domain,12,auth0,193,81066.jpg,0.9611147646747569
2,byte_domain,12,auth0,194,81090.jpg,0.9580895607326098
2,byte_domain,12,auth0,195,81095.jpg,0.9560010270221838
2,byte_domain,12,auth0,196,87015.jpg,0.9572489008879176
2,byte_domain,12,auth0,197,92014.jpg,0.9612553713828441
2,byte_domain,12,auth0,198,94095.jpg,0.9583288813408901
2,byte_domain,12,auth0,199,97010.jpg,0.9611790165704729
